Series Name,Series Code,Country Name,Country Code,2019 [YR2019],2020 [YR2020],2021 [YR2021]
People using at least basic sanitation services (% of population),SH.STA.BASS.ZS,Afghanistan,AFG,49.00616952,50.49964687,..
People using at least basic sanitation services (% of population),SH.STA.BASS.ZS,Africa Eastern and Southern,AFE,30.7426099227294,30.9310637977575,..
People using at least basic sanitation services (% of population),SH.STA.BASS.ZS,Africa Western and Central,AFW,34.6841258958443,35.4371883805831,..
People using at least basic sanitation services (% of population),SH.STA.BASS.ZS,Albania,ALB,99.18306692,99.29879315,..
People using at least basic sanitation services (% of population),SH.STA.BASS.ZS,Algeria,DZA,86.13850411,85.96546957,..
People using at least basic sanitation services (% of population),SH.STA.BASS.ZS,American Samoa,ASM,54.45476038,54.45476038,..
People using at least basic sanitation services (% of population),SH.STA.BASS.ZS,Andorra,AND,100.0000037,100.0000037,..
People using at least basic sanitation services (% of population),SH.STA.BASS.ZS,Angola,AGO,51.39362406,51.66032915,..
People using at least basic sanitation services (% of population),SH.STA.BASS.ZS,Antigua and Barbuda,ATG,..,..,..
People using at least basic sanitation services (% of population),SH.STA.BASS.ZS,Arab World,ARB,83.4759869924936,83.8113113869268,..
People using at least basic sanitation services (% of population),SH.STA.BASS.ZS,Argentina,ARG,..,..,..
People using at least basic sanitation services (% of population),SH.STA.BASS.ZS,Armenia,ARM,93.85240532,93.93674174,..
People using at least basic sanitation services (% of population),SH.STA.BASS.ZS,Aruba,ABW,..,..,..
People using at least basic sanitation services (% of population),SH.STA.BASS.ZS,Australia,AUS,99.99115238,99.99115238,..
People using at least basic sanitation services (% of population),SH.STA.BASS.ZS,Austria,AUT,99.97271057,99.97260464,..
People using at least basic sanitation services (% of population),SH.STA.BASS.ZS,Azerbaijan,AZE,96.12903013,..,..
People using at least basic sanitation services (% of population),SH.STA.BASS.ZS,"Bahamas, The",BHS,94.93058233,..,..
People using at least basic sanitation services (% of population),SH.STA.BASS.ZS,Bahrain,BHR,100,100,..
People using at least basic sanitation services (% of population),SH.STA.BASS.ZS,Bangladesh,BGD,52.69870337,54.16469553,..
People using at least basic sanitation services (% of population),SH.STA.BASS.ZS,Barbados,BRB,98.09246231,98.09246231,..
People using at least basic sanitation services (% of population),SH.STA.BASS.ZS,Belarus,BLR,97.88502524,97.90431818,..
People using at least basic sanitation services (% of population),SH.STA.BASS.ZS,Belgium,BEL,99.48615574,99.48615647,..
People using at least basic sanitation services (% of population),SH.STA.BASS.ZS,Belize,BLZ,88.19850332,88.21427557,..
People using at least basic sanitation services (% of population),SH.STA.BASS.ZS,Benin,BEN,16.51526543,16.96288434,..
People using at least basic sanitation services (% of population),SH.STA.BASS.ZS,Bermuda,BMU,99.90314002,99.90314002,..
People using at least basic sanitation services (% of population),SH.STA.BASS.ZS,Bhutan,BTN,75.23785494,76.50655402,..
People using at least basic sanitation services (% of population),SH.STA.BASS.ZS,Bolivia,BOL,63.89830649,65.75642485,..
People using at least basic sanitation services (% of population),SH.STA.BASS.ZS,Bosnia and Herzegovina,BIH,..,..,..
People using at least basic sanitation services (% of population),SH.STA.BASS.ZS,Botswana,BWA,79.75168982,80.02624315,..
People using at least basic sanitation services (% of population),SH.STA.BASS.ZS,Brazil,BRA,89.29879625,90.07847103,..
People using at least basic sanitation services (% of population),SH.STA.BASS.ZS,British Virgin Islands,VGB,..,..,..
People using at least basic sanitation services (% of population),SH.STA.BASS.ZS,Brunei Darussalam,BRN,..,..,..
People using at least basic sanitation services (% of population),SH.STA.BASS.ZS,Bulgaria,BGR,86.02459214,86.03496784,..
People using at least basic sanitation services (% of population),SH.STA.BASS.ZS,Burkina Faso,BFA,21.34059658,21.6643726,..
People using at least basic sanitation services (% of population),SH.STA.BASS.ZS,Burundi,BDI,45.74527589,45.72751068,..
People using at least basic sanitation services (% of population),SH.STA.BASS.ZS,Cabo Verde,CPV,77.47483233,79.11569269,..
People using at least basic sanitation services (% of population),SH.STA.BASS.ZS,Cambodia,KHM,65.60982804,68.76930002,..
People using at least basic sanitation services (% of population),SH.STA.BASS.ZS,Cameroon,CMR,44.21838866,44.63112443,..
People using at least basic sanitation services (% of population),SH.STA.BASS.ZS,Canada,CAN,99.03268117,99.03286158,..
People using at least basic sanitation services (% of population),SH.STA.BASS.ZS,Caribbean small states,CSS,89.1541219650986,88.8616223909964,..
People using at least basic sanitation services (% of population),SH.STA.BASS.ZS,Cayman Islands,CYM,..,..,..
People using at least basic sanitation services (% of population),SH.STA.BASS.ZS,Central African Republic,CAF,14.4819824,14.11863478,..
People using at least basic sanitation services (% of population),SH.STA.BASS.ZS,Central Europe and the Baltics,CEB,95.5381689273892,95.7064620797056,..
People using at least basic sanitation services (% of population),SH.STA.BASS.ZS,Chad,TCD,11.81708026,12.06370114,..
People using at least basic sanitation services (% of population),SH.STA.BASS.ZS,Channel Islands,CHI,..,..,..
People using at least basic sanitation services (% of population),SH.STA.BASS.ZS,Chile,CHL,99.99999614,99.99999872,..
People using at least basic sanitation services (% of population),SH.STA.BASS.ZS,China,CHN,90.85138344,92.37617808,..
People using at least basic sanitation services (% of population),SH.STA.BASS.ZS,Colombia,COL,92.75423558,93.68063058,..
People using at least basic sanitation services (% of population),SH.STA.BASS.ZS,Comoros,COM,35.90667418,..,..
People using at least basic sanitation services (% of population),SH.STA.BASS.ZS,"Congo, Dem. Rep.",COD,15.77493074,15.38867157,..
People using at least basic sanitation services (% of population),SH.STA.BASS.ZS,"Congo, Rep.",COG,20.36426415,20.45974611,..
People using at least basic sanitation services (% of population),SH.STA.BASS.ZS,Costa Rica,CRI,97.75378868,97.91499372,..
People using at least basic sanitation services (% of population),SH.STA.BASS.ZS,Cote d'Ivoire,CIV,33.86906503,34.5659625,..
People using at least basic sanitation services (% of population),SH.STA.BASS.ZS,Croatia,HRV,96.5558337,96.56523542,..
People using at least basic sanitation services (% of population),SH.STA.BASS.ZS,Cuba,CUB,91.14421779,91.35635221,..
People using at least basic sanitation services (% of population),SH.STA.BASS.ZS,Curacao,CUW,..,..,..
People using at least basic sanitation services (% of population),SH.STA.BASS.ZS,Cyprus,CYP,99.3958161,99.39596129,..
People using at least basic sanitation services (% of population),SH.STA.BASS.ZS,Czech Republic,CZE,99.13371501,99.13349732,..
People using at least basic sanitation services (% of population),SH.STA.BASS.ZS,Denmark,DNK,99.59722892,99.59722947,..
People using at least basic sanitation services (% of population),SH.STA.BASS.ZS,Djibouti,DJI,66.63823909,66.72263564,..
People using at least basic sanitation services (% of population),SH.STA.BASS.ZS,Dominica,DMA,..,..,..
People using at least basic sanitation services (% of population),SH.STA.BASS.ZS,Dominican Republic,DOM,86.72522397,87.17818151,..
People using at least basic sanitation services (% of population),SH.STA.BASS.ZS,Early-demographic dividend,EAR,71.6259459220655,73.4664481525658,..
People using at least basic sanitation services (% of population),SH.STA.BASS.ZS,East Asia & Pacific,EAS,89.4717422015922,90.8707442732628,..
People using at least basic sanitation services (% of population),SH.STA.BASS.ZS,East Asia & Pacific (excluding high income),EAP,88.35715110252,89.9113055878274,..
People using at least basic sanitation services (% of population),SH.STA.BASS.ZS,East Asia & Pacific (IDA & IBRD countries),TEA,88.4049539491167,89.9780419033422,..
People using at least basic sanitation services (% of population),SH.STA.BASS.ZS,Ecuador,ECU,90.59721885,91.52492213,..
People using at least basic sanitation services (% of population),SH.STA.BASS.ZS,"Egypt, Arab Rep.",EGY,97.01897183,97.32547363,..
People using at least basic sanitation services (% of population),SH.STA.BASS.ZS,El Salvador,SLV,82.6592314,82.44975254,..
People using at least basic sanitation services (% of population),SH.STA.BASS.ZS,Equatorial Guinea,GNQ,..,..,..
People using at least basic sanitation services (% of population),SH.STA.BASS.ZS,Eritrea,ERI,..,..,..
People using at least basic sanitation services (% of population),SH.STA.BASS.ZS,Estonia,EST,99.14237975,99.14176925,..
People using at least basic sanitation services (% of population),SH.STA.BASS.ZS,Eswatini,SWZ,64.32418954,64.29217458,..
People using at least basic sanitation services (% of population),SH.STA.BASS.ZS,Ethiopia,ETH,8.632097142,8.910277929,..
People using at least basic sanitation services (% of population),SH.STA.BASS.ZS,Euro area,EMU,99.048310791223,99.0465214532412,..
People using at least basic sanitation services (% of population),SH.STA.BASS.ZS,Europe & Central Asia,ECS,96.8390974795155,96.9736548091958,..
People using at least basic sanitation services (% of population),SH.STA.BASS.ZS,Europe & Central Asia (excluding high income),ECA,94.4775239139663,94.6949962804738,..
People using at least basic sanitation services (% of population),SH.STA.BASS.ZS,Europe & Central Asia (IDA & IBRD countries),TEC,94.6064002909439,94.8330874801578,..
People using at least basic sanitation services (% of population),SH.STA.BASS.ZS,European Union,EUU,98.3403524355041,98.3792835168248,..
People using at least basic sanitation services (% of population),SH.STA.BASS.ZS,Faroe Islands,FRO,..,..,..
People using at least basic sanitation services (% of population),SH.STA.BASS.ZS,Fiji,FJI,99.16221577,99.16077717,..
People using at least basic sanitation services (% of population),SH.STA.BASS.ZS,Finland,FIN,99.4479277,99.44792539,..
People using at least basic sanitation services (% of population),SH.STA.BASS.ZS,Fragile and conflict affected situations,FCS,43.6039083661079,43.8749003436662,..
People using at least basic sanitation services (% of population),SH.STA.BASS.ZS,France,FRA,98.64841485,98.64760678,..
People using at least basic sanitation services (% of population),SH.STA.BASS.ZS,French Polynesia,PYF,97.00338108,97.00338108,..
People using at least basic sanitation services (% of population),SH.STA.BASS.ZS,Gabon,GAB,49.78482573,49.82416677,..
People using at least basic sanitation services (% of population),SH.STA.BASS.ZS,"Gambia, The",GMB,46.73749884,46.87122407,..
People using at least basic sanitation services (% of population),SH.STA.BASS.ZS,Georgia,GEO,85.92302303,85.76672943,..
People using at least basic sanitation services (% of population),SH.STA.BASS.ZS,Germany,DEU,99.22538453,99.22561915,..
People using at least basic sanitation services (% of population),SH.STA.BASS.ZS,Ghana,GHA,22.75965575,23.70247451,..
People using at least basic sanitation services (% of population),SH.STA.BASS.ZS,Gibraltar,GIB,100,100,..
People using at least basic sanitation services (% of population),SH.STA.BASS.ZS,Greece,GRC,98.99026295,98.99374813,..
People using at least basic sanitation services (% of population),SH.STA.BASS.ZS,Greenland,GRL,99.59723106,99.59723347,..
People using at least basic sanitation services (% of population),SH.STA.BASS.ZS,Grenada,GRD,..,..,..
People using at least basic sanitation services (% of population),SH.STA.BASS.ZS,Guam,GUM,..,..,..
People using at least basic sanitation services (% of population),SH.STA.BASS.ZS,Guatemala,GTM,67.68918412,67.92858108,..
People using at least basic sanitation services (% of population),SH.STA.BASS.ZS,Guinea,GIN,28.4901292,29.77614039,..
People using at least basic sanitation services (% of population),SH.STA.BASS.ZS,Guinea-Bissau,GNB,17.45193858,18.2250438,..
People using at least basic sanitation services (% of population),SH.STA.BASS.ZS,Guyana,GUY,85.77491899,85.78250661,..
People using at least basic sanitation services (% of population),SH.STA.BASS.ZS,Haiti,HTI,36.93852795,37.12173441,..
People using at least basic sanitation services (% of population),SH.STA.BASS.ZS,Heavily indebted poor countries (HIPC),HPC,28.0185385398131,28.4181699286021,..
People using at least basic sanitation services (% of population),SH.STA.BASS.ZS,High income,HIC,99.1778927050751,99.1946287699232,..
People using at least basic sanitation services (% of population),SH.STA.BASS.ZS,Honduras,HND,82.84438013,83.77658071,..
People using at least basic sanitation services (% of population),SH.STA.BASS.ZS,"Hong Kong SAR, China",HKG,96.51735501,96.50417399,..
People using at least basic sanitation services (% of population),SH.STA.BASS.ZS,Hungary,HUN,97.98613393,97.9837035,..
People using at least basic sanitation services (% of population),SH.STA.BASS.ZS,IBRD only,IBD,..,..,..
People using at least basic sanitation services (% of population),SH.STA.BASS.ZS,Iceland,ISL,98.78110168,98.78054272,..
People using at least basic sanitation services (% of population),SH.STA.BASS.ZS,IDA & IBRD total,IBT,73.0284672956525,74.2687029865715,..
People using at least basic sanitation services (% of population),SH.STA.BASS.ZS,IDA blend,IDB,..,..,..
People using at least basic sanitation services (% of population),SH.STA.BASS.ZS,IDA only,IDX,..,..,..
People using at least basic sanitation services (% of population),SH.STA.BASS.ZS,IDA total,IDA,..,..,..
People using at least basic sanitation services (% of population),SH.STA.BASS.ZS,India,IND,68.33481002,71.26847596,..
People using at least basic sanitation services (% of population),SH.STA.BASS.ZS,Indonesia,IDN,83.85609129,86.462642,..
People using at least basic sanitation services (% of population),SH.STA.BASS.ZS,"Iran, Islamic Rep.",IRN,90.19770214,90.26676799,..
People using at least basic sanitation services (% of population),SH.STA.BASS.ZS,Iraq,IRQ,99.47363683,99.96973686,..
People using at least basic sanitation services (% of population),SH.STA.BASS.ZS,Ireland,IRL,91.34960826,91.33736508,..
People using at least basic sanitation services (% of population),SH.STA.BASS.ZS,Isle of Man,IMN,..,..,..
People using at least basic sanitation services (% of population),SH.STA.BASS.ZS,Israel,ISR,99.95359852,99.94903563,..
People using at least basic sanitation services (% of population),SH.STA.BASS.ZS,Italy,ITA,99.88521813,99.8851602,..
People using at least basic sanitation services (% of population),SH.STA.BASS.ZS,Jamaica,JAM,86.63160182,86.60642453,..
People using at least basic sanitation services (% of population),SH.STA.BASS.ZS,Japan,JPN,99.92597593,99.921764,..
People using at least basic sanitation services (% of population),SH.STA.BASS.ZS,Jordan,JOR,97.16183197,97.08435633,..
People using at least basic sanitation services (% of population),SH.STA.BASS.ZS,Kazakhstan,KAZ,97.86969334,97.8671202,..
People using at least basic sanitation services (% of population),SH.STA.BASS.ZS,Kenya,KEN,32.62581333,32.69894486,..
People using at least basic sanitation services (% of population),SH.STA.BASS.ZS,Kiribati,KIR,45.20830694,45.57596312,..
People using at least basic sanitation services (% of population),SH.STA.BASS.ZS,"Korea, Dem. People's Rep.",PRK,84.61949255,84.66546354,..
People using at least basic sanitation services (% of population),SH.STA.BASS.ZS,"Korea, Rep.",KOR,99.94226257,99.9374936,..
People using at least basic sanitation services (% of population),SH.STA.BASS.ZS,Kosovo,XKX,..,..,..
People using at least basic sanitation services (% of population),SH.STA.BASS.ZS,Kuwait,KWT,100,100,..
People using at least basic sanitation services (% of population),SH.STA.BASS.ZS,Kyrgyz Republic,KGZ,97.77771305,97.89104384,..
People using at least basic sanitation services (% of population),SH.STA.BASS.ZS,Lao PDR,LAO,79.2961718,79.48011751,..
People using at least basic sanitation services (% of population),SH.STA.BASS.ZS,Late-demographic dividend,LTE,91.102736867534,92.2455808881959,..
People using at least basic sanitation services (% of population),SH.STA.BASS.ZS,Latin America & Caribbean,LCN,87.8950281882005,88.5410615755658,..
People using at least basic sanitation services (% of population),SH.STA.BASS.ZS,Latin America & Caribbean (excluding high income),LAC,86.9359891574209,87.6429346357818,..
People using at least basic sanitation services (% of population),SH.STA.BASS.ZS,Latin America & the Caribbean (IDA & IBRD countries),TLA,87.7534923351298,88.4160685157263,..
People using at least basic sanitation services (% of population),SH.STA.BASS.ZS,Latvia,LVA,92.41312875,92.42436928,..
People using at least basic sanitation services (% of population),SH.STA.BASS.ZS,Least developed countries: UN classification,LDC,36.3651899187304,36.9478798823283,..
People using at least basic sanitation services (% of population),SH.STA.BASS.ZS,Lebanon,LBN,99.06737938,99.2,..
People using at least basic sanitation services (% of population),SH.STA.BASS.ZS,Lesotho,LSO,48.42792417,50.31807569,..
People using at least basic sanitation services (% of population),SH.STA.BASS.ZS,Liberia,LBR,18.05615325,18.16357204,..
People using at least basic sanitation services (% of population),SH.STA.BASS.ZS,Libya,LBY,92.10600221,92.10600221,..
People using at least basic sanitation services (% of population),SH.STA.BASS.ZS,Liechtenstein,LIE,99.95,99.95,..
People using at least basic sanitation services (% of population),SH.STA.BASS.ZS,Lithuania,LTU,93.91542258,93.93707198,..
People using at least basic sanitation services (% of population),SH.STA.BASS.ZS,Low & middle income,LMY,72.7012428638124,73.9567456934839,..
People using at least basic sanitation services (% of population),SH.STA.BASS.ZS,Low income,LIC,29.1217585228067,29.421978921398,..
People using at least basic sanitation services (% of population),SH.STA.BASS.ZS,Lower middle income,LMC,68.3309031031898,70.1808746518494,..
People using at least basic sanitation services (% of population),SH.STA.BASS.ZS,Luxembourg,LUX,97.59426352,97.59134711,..
People using at least basic sanitation services (% of population),SH.STA.BASS.ZS,"Macao SAR, China",MAC,100,100,..
People using at least basic sanitation services (% of population),SH.STA.BASS.ZS,Madagascar,MDG,11.92103598,12.31140011,..
People using at least basic sanitation services (% of population),SH.STA.BASS.ZS,Malawi,MWI,26.27488529,26.55426445,..
People using at least basic sanitation services (% of population),SH.STA.BASS.ZS,Malaysia,MYS,..,..,..
People using at least basic sanitation services (% of population),SH.STA.BASS.ZS,Maldives,MDV,98.26842581,99.15533568,..
People using at least basic sanitation services (% of population),SH.STA.BASS.ZS,Mali,MLI,43.71028764,45.39420987,..
People using at least basic sanitation services (% of population),SH.STA.BASS.ZS,Malta,MLT,99.96449445,99.96447143,..
People using at least basic sanitation services (% of population),SH.STA.BASS.ZS,Marshall Islands,MHL,84.02750054,84.15036532,..
People using at least basic sanitation services (% of population),SH.STA.BASS.ZS,Mauritania,MRT,49.37598772,49.83422278,..
People using at least basic sanitation services (% of population),SH.STA.BASS.ZS,Mauritius,MUS,..,..,..
People using at least basic sanitation services (% of population),SH.STA.BASS.ZS,Mexico,MEX,91.73666093,92.42406261,..
People using at least basic sanitation services (% of population),SH.STA.BASS.ZS,"Micronesia, Fed. Sts.",FSM,88.30933155,..,..
People using at least basic sanitation services (% of population),SH.STA.BASS.ZS,Middle East & North Africa,MEA,91.3751484686563,91.6080738024665,..
People using at least basic sanitation services (% of population),SH.STA.BASS.ZS,Middle East & North Africa (excluding high income),MNA,89.9169803111189,90.1884453608346,..
People using at least basic sanitation services (% of population),SH.STA.BASS.ZS,Middle East & North Africa (IDA & IBRD countries),TMN,89.8172365698243,90.085474895956,..
People using at least basic sanitation services (% of population),SH.STA.BASS.ZS,Middle income,MIC,77.791322502904,79.2561612736848,..
People using at least basic sanitation services (% of population),SH.STA.BASS.ZS,Moldova,MDA,78.17559111,78.72914055,..
People using at least basic sanitation services (% of population),SH.STA.BASS.ZS,Monaco,MCO,100,100,..
People using at least basic sanitation services (% of population),SH.STA.BASS.ZS,Mongolia,MNG,66.57753112,67.74079142,..
People using at least basic sanitation services (% of population),SH.STA.BASS.ZS,Montenegro,MNE,97.50229752,97.77177272,..
People using at least basic sanitation services (% of population),SH.STA.BASS.ZS,Morocco,MAR,86.32823398,87.25043077,..
People using at least basic sanitation services (% of population),SH.STA.BASS.ZS,Mozambique,MOZ,35.58641252,37.20486798,..
People using at least basic sanitation services (% of population),SH.STA.BASS.ZS,Myanmar,MMR,73.16531897,73.63687714,..
People using at least basic sanitation services (% of population),SH.STA.BASS.ZS,Namibia,NAM,34.96077645,35.25996865,..
People using at least basic sanitation services (% of population),SH.STA.BASS.ZS,Nauru,NRU,..,..,..
People using at least basic sanitation services (% of population),SH.STA.BASS.ZS,Nepal,NPL,72.88013018,76.61121355,..
People using at least basic sanitation services (% of population),SH.STA.BASS.ZS,Netherlands,NLD,97.6943826,97.68577085,..
People using at least basic sanitation services (% of population),SH.STA.BASS.ZS,New Caledonia,NCL,100,100,..
People using at least basic sanitation services (% of population),SH.STA.BASS.ZS,New Zealand,NZL,99.99999745,100.0000013,..
People using at least basic sanitation services (% of population),SH.STA.BASS.ZS,Nicaragua,NIC,72.96939836,73.02109747,..
People using at least basic sanitation services (% of population),SH.STA.BASS.ZS,Niger,NER,14.30938558,14.75130566,..
People using at least basic sanitation services (% of population),SH.STA.BASS.ZS,Nigeria,NGA,41.80768804,42.72256141,..
People using at least basic sanitation services (% of population),SH.STA.BASS.ZS,North America,NAC,99.6278838202908,99.6130975582872,..
People using at least basic sanitation services (% of population),SH.STA.BASS.ZS,North Macedonia,MKD,97.78245516,98.32787804,..
People using at least basic sanitation services (% of population),SH.STA.BASS.ZS,Northern Mariana Islands,MNP,79.11631606,79.11631606,..
People using at least basic sanitation services (% of population),SH.STA.BASS.ZS,Norway,NOR,98.05215533,98.05107359,..
People using at least basic sanitation services (% of population),SH.STA.BASS.ZS,Not classified,INX,..,..,..
People using at least basic sanitation services (% of population),SH.STA.BASS.ZS,OECD members,OED,98.4446744796138,98.566972350048,..
People using at least basic sanitation services (% of population),SH.STA.BASS.ZS,Oman,OMN,99.3200387,99.32024218,..
People using at least basic sanitation services (% of population),SH.STA.BASS.ZS,Other small states,OSS,66.6463370644705,67.961495297254,..
People using at least basic sanitation services (% of population),SH.STA.BASS.ZS,Pacific island small states,PSS,72.0980860201903,71.1741141950272,..
People using at least basic sanitation services (% of population),SH.STA.BASS.ZS,Pakistan,PAK,66.57990296,68.39731114,..
People using at least basic sanitation services (% of population),SH.STA.BASS.ZS,Palau,PLW,99.61897785,99.62327456,..
People using at least basic sanitation services (% of population),SH.STA.BASS.ZS,Panama,PAN,83.37854998,84.57385023,..
People using at least basic sanitation services (% of population),SH.STA.BASS.ZS,Papua New Guinea,PNG,19.14928738,19.22383321,..
People using at least basic sanitation services (% of population),SH.STA.BASS.ZS,Paraguay,PRY,91.77642662,92.7207854,..
People using at least basic sanitation services (% of population),SH.STA.BASS.ZS,Peru,PER,77.8836449,78.57670211,..
People using at least basic sanitation services (% of population),SH.STA.BASS.ZS,Philippines,PHL,80.8435005,82.25604781,..
People using at least basic sanitation services (% of population),SH.STA.BASS.ZS,Poland,POL,100,100.0000026,..
People using at least basic sanitation services (% of population),SH.STA.BASS.ZS,Portugal,PRT,99.60572242,99.60414613,..
People using at least basic sanitation services (% of population),SH.STA.BASS.ZS,Post-demographic dividend,PST,99.2158651969557,99.2147245824387,..
People using at least basic sanitation services (% of population),SH.STA.BASS.ZS,Pre-demographic dividend,PRE,35.3500768551503,35.8327991074059,..
People using at least basic sanitation services (% of population),SH.STA.BASS.ZS,Puerto Rico,PRI,100,100,..
People using at least basic sanitation services (% of population),SH.STA.BASS.ZS,Qatar,QAT,100,100,..
People using at least basic sanitation services (% of population),SH.STA.BASS.ZS,Romania,ROU,86.2498554,87.06644493,..
People using at least basic sanitation services (% of population),SH.STA.BASS.ZS,Russian Federation,RUS,89.12524936,89.3906766,..
People using at least basic sanitation services (% of population),SH.STA.BASS.ZS,Rwanda,RWA,68.8599242,68.83344246,..
People using at least basic sanitation services (% of population),SH.STA.BASS.ZS,Samoa,WSM,96.76295103,96.76586368,..
People using at least basic sanitation services (% of population),SH.STA.BASS.ZS,San Marino,SMR,100,100,..
People using at least basic sanitation services (% of population),SH.STA.BASS.ZS,Sao Tome and Principe,STP,46.21350475,47.62107761,..
People using at least basic sanitation services (% of population),SH.STA.BASS.ZS,Saudi Arabia,SAU,100,100,..
People using at least basic sanitation services (% of population),SH.STA.BASS.ZS,Senegal,SEN,55.84328428,56.77646012,..
People using at least basic sanitation services (% of population),SH.STA.BASS.ZS,Serbia,SRB,97.89702613,97.89866471,..
People using at least basic sanitation services (% of population),SH.STA.BASS.ZS,Seychelles,SYC,100,100,..
People using at least basic sanitation services (% of population),SH.STA.BASS.ZS,Sierra Leone,SLE,16.18453117,16.50967615,..
People using at least basic sanitation services (% of population),SH.STA.BASS.ZS,Singapore,SGP,100,100,..
People using at least basic sanitation services (% of population),SH.STA.BASS.ZS,Sint Maarten (Dutch part),SXM,..,..,..
People using at least basic sanitation services (% of population),SH.STA.BASS.ZS,Slovak Republic,SVK,97.53184793,97.53262546,..
People using at least basic sanitation services (% of population),SH.STA.BASS.ZS,Slovenia,SVN,98.09039395,98.09979585,..
People using at least basic sanitation services (% of population),SH.STA.BASS.ZS,Small states,SST,71.1530450183638,71.904207247411,..
People using at least basic sanitation services (% of population),SH.STA.BASS.ZS,Solomon Islands,SLB,34.49241301,34.75592548,..
People using at least basic sanitation services (% of population),SH.STA.BASS.ZS,Somalia,SOM,38.23090498,39.30661638,..
People using at least basic sanitation services (% of population),SH.STA.BASS.ZS,South Africa,ZAF,77.58447964,78.47461071,..
People using at least basic sanitation services (% of population),SH.STA.BASS.ZS,South Asia,SAS,66.721588303252,69.3329229411442,..
People using at least basic sanitation services (% of population),SH.STA.BASS.ZS,South Asia (IDA & IBRD),TSA,66.721588303252,69.3329229411442,..
People using at least basic sanitation services (% of population),SH.STA.BASS.ZS,South Sudan,SSD,15.74727802,15.84481734,..
People using at least basic sanitation services (% of population),SH.STA.BASS.ZS,Spain,ESP,99.90365719,99.90336421,..
People using at least basic sanitation services (% of population),SH.STA.BASS.ZS,Sri Lanka,LKA,93.65439649,93.65293491,..
People using at least basic sanitation services (% of population),SH.STA.BASS.ZS,St. Kitts and Nevis,KNA,..,..,..
People using at least basic sanitation services (% of population),SH.STA.BASS.ZS,St. Lucia,LCA,83.37231796,83.36810833,..
People using at least basic sanitation services (% of population),SH.STA.BASS.ZS,St. Martin (French part),MAF,100,100,..
People using at least basic sanitation services (% of population),SH.STA.BASS.ZS,St. Vincent and the Grenadines,VCT,..,..,..
People using at least basic sanitation services (% of population),SH.STA.BASS.ZS,Sub-Saharan Africa,SSF,32.3379063118084,32.7567262607749,..
People using at least basic sanitation services (% of population),SH.STA.BASS.ZS,Sub-Saharan Africa (excluding high income),SSA,32.3319053458355,32.7508611523435,..
People using at least basic sanitation services (% of population),SH.STA.BASS.ZS,Sub-Saharan Africa (IDA & IBRD countries),TSS,32.3379063118084,32.7567262607749,..
People using at least basic sanitation services (% of population),SH.STA.BASS.ZS,Sudan,SDN,36.77826091,36.89208291,..
People using at least basic sanitation services (% of population),SH.STA.BASS.ZS,Suriname,SUR,89.24914322,89.95421143,..
People using at least basic sanitation services (% of population),SH.STA.BASS.ZS,Sweden,SWE,99.28733736,99.2862251,..
People using at least basic sanitation services (% of population),SH.STA.BASS.ZS,Switzerland,CHE,99.89987367,99.89987655,..
People using at least basic sanitation services (% of population),SH.STA.BASS.ZS,Syrian Arab Republic,SYR,89.79611461,89.69347966,..
People using at least basic sanitation services (% of population),SH.STA.BASS.ZS,Tajikistan,TJK,96.77255849,96.76531446,..
People using at least basic sanitation services (% of population),SH.STA.BASS.ZS,Tanzania,TZA,31.58598153,31.7607758,..
People using at least basic sanitation services (% of population),SH.STA.BASS.ZS,Thailand,THA,98.42052549,98.71311912,..
People using at least basic sanitation services (% of population),SH.STA.BASS.ZS,Timor-Leste,TLS,55.69136356,56.76669456,..
People using at least basic sanitation services (% of population),SH.STA.BASS.ZS,Togo,TGO,18.46905629,18.60319806,..
People using at least basic sanitation services (% of population),SH.STA.BASS.ZS,Tonga,TON,92.9975705,92.89333236,..
People using at least basic sanitation services (% of population),SH.STA.BASS.ZS,Trinidad and Tobago,TTO,93.91521101,93.91521101,..
People using at least basic sanitation services (% of population),SH.STA.BASS.ZS,Tunisia,TUN,96.37657143,97.43445889,..
People using at least basic sanitation services (% of population),SH.STA.BASS.ZS,Turkiye,TUR,98.69299276,99.2249463,..
People using at least basic sanitation services (% of population),SH.STA.BASS.ZS,Turkmenistan,TKM,99.00213719,99.41113393,..
People using at least basic sanitation services (% of population),SH.STA.BASS.ZS,Turks and Caicos Islands,TCA,..,..,..
People using at least basic sanitation services (% of population),SH.STA.BASS.ZS,Tuvalu,TUV,..,..,..
People using at least basic sanitation services (% of population),SH.STA.BASS.ZS,Uganda,UGA,19.66031989,19.78963715,..
People using at least basic sanitation services (% of population),SH.STA.BASS.ZS,Ukraine,UKR,97.74159541,97.74271759,..
People using at least basic sanitation services (% of population),SH.STA.BASS.ZS,United Arab Emirates,ARE,99.14769965,99.22957,..
People using at least basic sanitation services (% of population),SH.STA.BASS.ZS,United Kingdom,GBR,99.10805979,99.1069609,..
People using at least basic sanitation services (% of population),SH.STA.BASS.ZS,United States,USA,99.69599445,99.67961928,..
People using at least basic sanitation services (% of population),SH.STA.BASS.ZS,Upper middle income,UMC,90.7196118455708,91.8187993964727,..
People using at least basic sanitation services (% of population),SH.STA.BASS.ZS,Uruguay,URY,97.76780113,98.05452933,..
People using at least basic sanitation services (% of population),SH.STA.BASS.ZS,Uzbekistan,UZB,100,100,..
People using at least basic sanitation services (% of population),SH.STA.BASS.ZS,Vanuatu,VUT,52.68610241,52.70704482,..
People using at least basic sanitation services (% of population),SH.STA.BASS.ZS,"Venezuela, RB",VEN,95.5779092,95.75957043,..
People using at least basic sanitation services (% of population),SH.STA.BASS.ZS,Vietnam,VNM,87.70813691,89.24647713,..
People using at least basic sanitation services (% of population),SH.STA.BASS.ZS,Virgin Islands (U.S.),VIR,99.37127753,99.37127753,..
People using at least basic sanitation services (% of population),SH.STA.BASS.ZS,West Bank and Gaza,PSE,98.10824376,98.57792609,..
People using at least basic sanitation services (% of population),SH.STA.BASS.ZS,World,WLD,77.0183785089753,78.0532063080228,..
People using at least basic sanitation services (% of population),SH.STA.BASS.ZS,"Yemen, Rep.",YEM,53.62693817,54.11663604,..
People using at least basic sanitation services (% of population),SH.STA.BASS.ZS,Zambia,ZMB,31.48122511,31.89963255,..
People using at least basic sanitation services (% of population),SH.STA.BASS.ZS,Zimbabwe,ZWE,35.77433736,35.19236284,..
,,,,,,
,,,,,,
,,,,,,
Data from database: Health Nutrition and Population Statistics,,,,,,
Last Updated: 09/19/2022,,,,,,
